{
  "resultados": [
    {
      "k": 10,
      "coerencia_c_v": 0.357858862802088
    },
    {
      "k": 15,
      "coerencia_c_v": 0.33746206078060303
    },
    {
      "k": 20,
      "coerencia_c_v": 0.3447009268957612
    }
  ],
  "melhor_k": 10,
  "coerencia_c_v": 0.357858862802088
}